{
  "Heitman Staff Learning Center": 3.245138888888889,
  "Academic Surge Building": 275.2185185185185,
  "Aggie Stadium": 106.93576388888889,
  "Activities and Recreation Center": 238.4388888888889,
  "Pavilion at the Activities and Recreation Center": 102.66458333333334,
  "Asmundson Hall": 59.07349537037037,
  "Advanced Transportation Infrastructure Research Center": 65.93819444444445,
  "Bainer Hall": 361.9384259259259,
  "Briggs Hall": 655.0366898148148,
  "Center for Companion Animal Health (CCAH)": 117.21099537037038,
  "Chemistry": 477.8861111111111,
  "Chemistry Annex": 370.9277777777778,
  "Cruess Hall": 25.158333333333335,
  "Geidt Hall": 15.289467592592592,
  "Ghausi Hall": 118.26597222222222,
  "Hunt Hall": 95.18090277777777,
  "Hutchinson Hall": 280.7755787037037,
  "Kemper Hall": 883.7280092592592,
  "Mathematical Sciences Building": 78.93564814814815,
  "Meyer Hall": 753.4564814814814,
  "Olson Hall": 25.857060185185183,
  "Sciences Lab Building and Lecture Hall": 371.64328703703706,
  "Storer Hall": 96.41655092592593,
  "Social Sciences & Humanities": 143.02280092592594,
  "Young Hall": 105.13761574074073,
  "Wellman Hall": 626.6991898148149,
  "Dutton Hall": 45.29988425925926,
  "Hart Hall": 59.56759259259259,
  "International Center": 58.972106481481475,
  "Memorial Hall": 164.94641203703705,
  "Student Community Center": 47.41365740740741,
  "Shields Library": 375.0616898148148,
  "Genome & Biomedical Sciences": 905.066087962963,
  "Segundo Dining Commons": 193.12951388888888,
  "Segundo Services Center": 45.21168981481482,
  "Robert Mondavi Institute": 64.43159722222222
}