{
    "Heitman Staff Learning Center": 3.245138888888889,
    "Academic Surge Building": 275.2185185185185,
    "Aggie Stadium": 106.93576388888889,
    "Activities and Recreation Center": 238.4388888888889,
    "Pavilion at the Activities and Recreation Center": 102.66458333333334,
    "Asmundson Hall": 59.07349537037037,
    "Advanced Transportation Infrastructure Research Center": 65.93819444444445,
    "Bainer Hall": 361.9384259259259,
    "Briggs Hall": 655.0366898148148,
    "CAAN 4684": 143.63564814814816,
    "CAAN 4874": 15.645486111111111,
    "CAAN 4880": 22.112962962962964,
    "CAAN 4888": 55.050694444444446,
    "CAAN 4923": 136.41331018518517,
    "Center for Companion Animal Health (CCAH)": 117.21099537037038,
    "Chemistry": 477.8861111111111,
    "Chemistry Annex": 370.9277777777778,
    "Cruess Hall": 25.158333333333335,
    "Geidt Hall": 15.289467592592592,
    "Ghausi Hall": 118.26597222222222,
    "Hunt Hall": 95.18090277777777,
    "Hutchinson Hall": 280.7755787037037,
    "Kemper Hall": 883.7280092592592,
    "Mathematical Sciences Building": 78.93564814814815,
    "Meyer Hall": 753.4564814814814,
    "Olson Hall": 25.857060185185183,
    "Sciences Lab Building and Lecture Hall": 371.64328703703706,
    "Storer Hall": 96.41655092592593,
    "Social Sciences & Humanities": 143.02280092592594,
    "Young Hall": 105.13761574074073,
    "Wellman Hall": 71.25497685185185
  }